{"cameraMode":{"drawMode":0,"name":"Shaded","section":"Shading Mode"},"sceneLighting":false,"audioPlay":false,"sceneViewState":{"m_AlwaysRefresh":false,"showFog":true,"showSkybox":true,"showFlares":true,"showImageEffects":true,"showParticleSystems":true,"showVisualEffectGraphs":true,"m_FxEnabled":true},"in2DMode":false,"pivot":{"x":3.7736847400665285,"y":12.947834014892579,"z":-14.845582962036133},"rotation":{"x":0.22661100327968598,"y":0.006429231259971857,"z":-0.0014929046155884863,"w":0.9739701747894287},"size":24.95802116394043,"orthographic":true}