{"cameraMode":{"drawMode":0,"name":"Shaded","section":"Shading Mode"},"sceneLighting":false,"audioPlay":false,"sceneViewState":{"m_AlwaysRefresh":false,"showFog":true,"showSkybox":true,"showFlares":true,"showImageEffects":true,"showParticleSystems":true,"showVisualEffectGraphs":true,"m_FxEnabled":true},"in2DMode":false,"pivot":{"x":-31.994775772094728,"y":43.9053955078125,"z":38.81745529174805},"rotation":{"x":0.008116624318063259,"y":0.9657319784164429,"z":-0.2576272487640381,"w":0.030427537858486177},"size":0.008063817396759987,"orthographic":false}