{"cameraMode":{"drawMode":0,"name":"Shaded","section":"Shading Mode"},"sceneLighting":false,"audioPlay":false,"sceneViewState":{"m_AlwaysRefresh":false,"showFog":true,"showSkybox":false,"showFlares":true,"showImageEffects":true,"showParticleSystems":true,"showVisualEffectGraphs":true,"m_FxEnabled":true},"in2DMode":false,"pivot":{"x":-0.1611819565296173,"y":3.7972800731658937,"z":-13.50848388671875},"rotation":{"x":0.16617538034915925,"y":0.34668242931365969,"z":-0.0625435933470726,"w":0.9210361838340759},"size":1.6655579805374146,"orthographic":true}