{"cameraMode":{"drawMode":0,"name":"Shaded","section":"Shading Mode"},"sceneLighting":false,"audioPlay":false,"sceneViewState":{"m_AlwaysRefresh":false,"showFog":true,"showSkybox":false,"showFlares":true,"showImageEffects":true,"showParticleSystems":true,"showVisualEffectGraphs":true,"m_FxEnabled":true},"in2DMode":false,"pivot":{"x":-0.04251980781555176,"y":3.525710105895996,"z":-13.734489440917969},"rotation":{"x":0.16431593894958497,"y":0.33300700783729555,"z":-0.059044912457466128,"w":0.9266297817230225},"size":3.114185333251953,"orthographic":true}