{"cameraMode":{"drawMode":0,"name":"Shaded","section":"Shading Mode"},"sceneLighting":false,"audioPlay":false,"sceneViewState":{"m_AlwaysRefresh":false,"showFog":true,"showSkybox":false,"showFlares":true,"showImageEffects":true,"showParticleSystems":true,"showVisualEffectGraphs":true,"m_FxEnabled":true},"in2DMode":false,"pivot":{"x":1.5805003643035889,"y":1.8120373487472535,"z":-15.879310607910157},"rotation":{"x":0.16431593894958497,"y":0.33300700783729555,"z":-0.059044912457466128,"w":0.9266297817230225},"size":0.7907452583312988,"orthographic":true}