{"cameraMode":{"drawMode":0,"name":"Shaded","section":"Shading Mode"},"sceneLighting":false,"audioPlay":false,"sceneViewState":{"m_AlwaysRefresh":false,"showFog":true,"showSkybox":false,"showFlares":true,"showImageEffects":true,"showParticleSystems":true,"showVisualEffectGraphs":true,"m_FxEnabled":true},"in2DMode":false,"pivot":{"x":0.00631948746740818,"y":-0.01772451400756836,"z":0.003892403095960617},"rotation":{"x":0.198569655418396,"y":0.22556710243225099,"z":-0.04701237007975578,"w":0.9526289701461792},"size":0.1390773206949234,"orthographic":true}